[
  {
    "title": "Netflix Clone",
    "imageSrc": "projects/netflix_project.jpg",
    "description": "Developed a Netflix clone using React.js, implementing routing, Firebase authentication, and API integration to fetch and display dynamic movie data.",
    "skills": ["React", "Firebase", "Routing"],
    "demo": "https://ott-platform-nag.netlify.app/",
    "source": "https://github.com/nagendra-ummadi/react-store/tree/main/netflix-clone"
  },
  {
    "title": "Fake Shop",
    "imageSrc": "projects/fakeshop.jpg",
    "description": "Developed a responsive e-commerce frontend using React.js with features like routing and state management via Redux, ensuring seamless navigation and user experience.",
    "skills": ["React", "Routing","Redux", "Semantic UI"],
    "demo": "https://nag-fakeshop.netlify.app/",
    "source": "https://github.com/nagendra-ummadi/react-store/tree/main/fakeshop"
  },
  {
    "title": "Tech Quiz",
    "imageSrc": "projects/quiz.png",
    "description": "A responsive React-based Tech Quiz application where users can select categories, answer questions, and view their scores. It features intuitive navigation and real-time answer validation for an engaging experience.",
    "skills": ["React", "Firebase", "Routing","Axios"],
    "demo": "https://ultimate-tech-quiz-app.netlify.app/",
    "source": "https://github.com/nagendra-ummadi/react-store/tree/main/quiz-app"
  },
  {
    "title": "To do",
    "imageSrc": "projects/todo.jpg",
    "description": "Built a dynamic Todo application using React.js, enabling users to add, delete, and update tasks with a seamless user interface and real-time state management. ",
    "skills": ["React", "MongoDB"],
    "demo": "https://nag-todo.netlify.app/",
    "source": "https://github.com/nagendra-ummadi/react-store/tree/main/todo-app"
  },
  {
    "title": "Redesign of Kingsukh Guest House",
    "imageSrc": "projects/guest_house.png",
    "description": "The new design enhances navigation and accessibility, making room details and bookings easier to find. A consistent color scheme and engaging visuals create a welcoming online presence.",
    "skills": ["React", "Semantic UI"],
    "demo": "https://redesign-kingsukh-guest-house.netlify.app",
    "source": "https://github.com/nagendra-ummadi/react-store/tree/main/kingsukh-redesign"
  }
]
