[
  {
    "title": "HTML",
    "imageSrc": "/skills/html.png"
  },
  {
    "title": "CSS",
    "imageSrc": "/skills/css.png"
  },
  {
    "title": "Javascript",
    "imageSrc": "/skills/javascript.png"
  },
  {
    "title": "Bootstrap",
    "imageSrc": "/skills/bootstrap.png"
  },
  {
    "title": "React",
    "imageSrc": "/skills/react.png"
  },
  {
    "title": "Redux",
    "imageSrc": "/skills/redux.png"
  },
  {
    "title": "Node",
    "imageSrc": "/skills/node.png"
  },
  {
    "title": "Firebase",
    "imageSrc": "/skills/firebase.png"
  },
  {
    "title": "MongoDB",
    "imageSrc": "/skills/mongodb.png"
  },
  {
    "title": "Figma",
    "imageSrc": "/skills/figma.png"
  },
  {
    "title": "Git",
    "imageSrc": "/skills/git.png"

  },
  {
    "title": "Python",
    "imageSrc": "/skills/python.png"
  },
  {
    "title": "Power BI",
    "imageSrc": "/skills/powerbi.png"
  },
  {
    "title": "MySQL",
    "imageSrc": "/skills/mysql.png"
  },
  {
    "title": "Excel",
    "imageSrc":"/skills/excel.png"
  }
]
